user_genome	classification	fastani_reference	fastani_reference_radius	fastani_taxonomy	fastani_ani	fastani_af	closest_placement_reference	closest_placement_radius	closest_placement_taxonomy	closest_placement_ani	closest_placement_af	pplacer_taxonomy	classification_method	note	"other_related_references(genome_id,species_name,radius,ANI,AF)"	aa_percent	translation_table	red_value	warnings
NC_004070.1	d__Bacteria;p__Firmicutes;c__Bacilli;o__Lactobacillales;f__Streptococcaceae;g__Streptococcus;s__Streptococcus pyogenes	GCF_002055535.1	95	d__Bacteria;p__Firmicutes;c__Bacilli;o__Lactobacillales;f__Streptococcaceae;g__Streptococcus;s__Streptococcus pyogenes	98.66	0.93	GCF_002055535.1	95	d__Bacteria;p__Firmicutes;c__Bacilli;o__Lactobacillales;f__Streptococcaceae;g__Streptococcus;s__Streptococcus pyogenes	98.66	0.93	d__Bacteria;p__Firmicutes;c__Bacilli;o__Lactobacillales;f__Streptococcaceae;g__Streptococcus;s__	taxonomic classification defined by topology and ANI	topological placement and ANI have congruent species assignments	"GCF_000188315.1, s__Streptococcus dysgalactiae, 95.0, 87.32, 0.69; GCF_900636575.1, s__Streptococcus canis, 95.0, 86.73, 0.7; GCF_000186445.1, s__Streptococcus agalactiae, 95.0, 83.42, 0.24; GCF_000188015.2, s__Streptococcus ictaluri, 95.0, 81.42, 0.47; GCF_900459405.1, s__Streptococcus hyointestinalis, 95.0, 81.39, 0.12; GCF_900635155.1, s__Streptococcus sanguinis_G, 95.0, 81.13, 0.1; GCF_000425025.1, s__Streptococcus castoreus, 95.0, 80.96, 0.52; GCF_000785515.1, s__Streptococcus salivarius, 95.0, 80.79, 0.15; GCF_000180035.1, s__Streptococcus parasanguinis_C, 95.0, 80.71, 0.13; GCF_000188055.2, s__Streptococcus urinalis, 95.0, 80.7, 0.21; GCA_900637675.1, s__Streptococcus equi, 95.0, 80.58, 0.37; GCF_001587175.1, s__Streptococcus sp001587175, 95.0, 80.51, 0.12; GCF_000479315.1, s__Streptococcus sp000479315, 95.0, 80.47, 0.12; GCF_900478025.1, s__Streptococcus pasteurianus, 96.13, 80.4, 0.21; GCF_000314795.2, s__Streptococcus sp000314795, 95.0, 80.39, 0.12; GCF_001073155.1, s__Streptococcus parasanguinis_D, 95.0, 80.28, 0.12; GCF_900475675.1, s__Streptococcus lutetiensis, 95.0, 80.23, 0.2; GCF_000164675.2, s__Streptococcus parasanguinis, 95.0, 80.22, 0.14; GCF_002953735.1, s__Streptococcus pluranimalium, 95.0, 80.13, 0.2; GCF_000963275.1, s__Streptococcus parasanguinis_B, 95.0, 80.05, 0.13; GCF_001302265.1, s__Streptococcus phocae, 95.0, 80.04, 0.4; GCF_900459175.1, s__Streptococcus downei, 95.0, 80.02, 0.11; GCF_000283635.1, s__Streptococcus macedonicus, 96.32, 80.0, 0.19; GCF_001598035.1, s__Streptococcus halotolerans, 95.0, 79.98, 0.18; GCF_000187935.1, s__Streptococcus parauberis, 95.0, 79.96, 0.25; GCF_001579025.1, s__Streptococcus oralis_X, 95.0, 79.94, 0.13; GCF_001078705.1, s__Streptococcus sanguinis_D, 95.0, 79.94, 0.1; GCF_000188035.1, s__Streptococcus pseudoporcinus, 95.0, 79.92, 0.25; GCF_004354505.1, s__Streptococcus thermophilus, 95.0, 79.91, 0.15; GCF_001556435.1, s__Streptococcus sp001556435, 95.0, 79.89, 0.14; GCF_002964045.1, s__Streptococcus suis_U, 95.0, 79.88, 0.11; GCF_900475595.1, s__Streptococcus uberis, 95.0, 79.84, 0.25; GCF_004785935.1, s__Streptococcus rubneri, 95.0, 79.82, 0.12; GCF_900636475.1, s__Streptococcus anginosus, 95.0, 79.78, 0.13; GCA_001697145.1, s__Streptococcus anginosus_C, 95.0, 79.75, 0.12; GCF_000376985.1, s__Streptococcus henryi, 95.0, 79.71, 0.17; GCF_000220065.1, s__Streptococcus sp000220065, 95.0, 79.7, 0.12; GCF_000186465.1, s__Streptococcus australis, 95.0, 79.7, 0.12; GCF_000187975.2, s__Streptococcus criceti, 95.0, 79.69, 0.12; GCF_000194945.1, s__Streptococcus sanguinis, 95.0, 79.69, 0.09; GCF_000154985.1, s__Streptococcus infantarius, 95.0, 79.69, 0.2; GCF_000212855.1, s__Streptococcus sanguinis_A, 95.0, 79.68, 0.09; GCF_003943655.1, s__Streptococcus sanguinis_F, 95.0, 79.68, 0.09; GCF_002000985.1, s__Streptococcus gallolyticus, 96.32, 79.68, 0.2; GCF_000188295.1, s__Streptococcus vestibularis, 95.0, 79.67, 0.15; GCF_000187445.1, s__Streptococcus sp000187445, 95.0, 79.64, 0.14; GCF_003609975.1, s__Streptococcus ruminantium, 95.0, 79.59, 0.13; GCF_901542335.1, s__Streptococcus porcinus_A, 95.0, 79.55, 0.26; GCF_004166885.1, s__Streptococcus sp004166885, 95.0, 79.49, 0.12; GCA_001595425.1, s__Streptococcus iniae, 95.0, 79.46, 0.27; GCF_000423765.1, s__Streptococcus porci, 95.0, 79.41, 0.14; GCF_900475415.1, s__Streptococcus porcinus, 95.0, 79.41, 0.27; GCF_900101445.1, s__Streptococcus equinus_B, 95.0, 79.4, 0.19; GCF_003943735.1, s__Streptococcus sanguinis_E, 95.0, 79.38, 0.1; GCF_000380005.1, s__Streptococcus didelphis, 95.0, 79.36, 0.3; GCF_001074805.1, s__Streptococcus parasanguinis_A, 95.0, 79.36, 0.12; GCF_000187265.1, s__Streptococcus equinus, 95.0, 79.35, 0.21; GCF_000448565.1, s__Streptococcus sp000448565, 95.0, 79.34, 0.13; GCA_003240915.1, s__Streptococcus pyogenes_A, 95.0, 79.32, 0.23; GCF_004352735.1, s__Streptococcus sp002393675, 95.11, 79.32, 0.22; GCF_900104225.1, s__Streptococcus equinus_D, 95.11, 79.3, 0.2; GCA_001578795.1, s__Streptococcus gordonii_A, 95.0, 79.28, 0.11; GCF_000767835.1, s__Streptococcus sinensis, 95.0, 79.26, 0.11; GCF_001553855.1, s__Streptococcus gordonii, 95.0, 79.26, 0.13; GCF_002760245.1, s__Streptococcus suis_I, 95.0, 79.22, 0.11; GCF_000380145.1, s__Streptococcus thoraltensis, 95.0, 79.21, 0.18; GCF_001885095.1, s__Streptococcus bovimastitidis, 95.0, 79.2, 0.25; GCF_003686955.1, s__Streptococcus sp003686955, 95.0, 79.2, 0.17; GCF_000785785.1, s__Streptococcus uberis_A, 95.0, 79.19, 0.25; GCF_000423745.1, s__Streptococcus plurextorum, 95.0, 79.17, 0.14; GCF_000212815.1, s__Streptococcus sanguinis_C, 95.0, 79.16, 0.11; GCF_002887775.1, s__Streptococcus penaeicida, 95.0, 79.14, 0.24; GCF_000420785.1, s__Streptococcus hyovaginalis, 95.0, 79.14, 0.18; GCF_003337175.1, s__Streptococcus gallolyticus_B, 95.67, 79.03, 0.19; GCF_001182825.2, s__Streptococcus sp001182825, 95.0, 79.01, 0.16; GCF_000187995.2, s__Streptococcus macacae, 95.0, 78.97, 0.14; GCF_000379985.1, s__Streptococcus caballi, 95.0, 78.89, 0.19; GCF_000380085.1, s__Streptococcus merionis, 95.0, 78.83, 0.1; GCF_000380105.1, s__Streptococcus orisratti, 95.0, 78.82, 0.19; GCA_002300045.1, s__Streptococcus sp002300045, 95.0, 78.81, 0.23; GCF_001578875.1, s__Streptococcus sp001578875, 95.0, 78.77, 0.12; GCF_000372425.1, s__Streptococcus ferus, 95.0, 78.76, 0.13; GCF_000380125.1, s__Streptococcus ovis, 95.0, 78.69, 0.14; GCF_000380065.1, s__Streptococcus massiliensis, 95.0, 78.66, 0.1; GCF_001578885.1, s__Streptococcus sp001578885, 95.0, 78.66, 0.12; GCF_000686605.1, s__Streptococcus sobrinus, 95.0, 78.57, 0.1; GCF_001921845.1, s__Streptococcus cuniculi, 95.0, 78.55, 0.13; GCF_003086355.1, s__Streptococcus sp003086355, 95.0, 78.55, 0.1; GCF_006739205.1, s__Streptococcus mutans, 95.0, 78.53, 0.18; GCF_002355215.1, s__Streptococcus troglodytae, 95.0, 78.5, 0.17; GCF_001642085.1, s__Streptococcus pantholopis, 95.0, 78.43, 0.09; GCF_000380025.1, s__Streptococcus entericus, 95.0, 78.36, 0.1; GCF_000257785.1, s__Streptococcus constellatus, 95.0, 78.28, 0.12; GCF_001431045.1, s__Streptococcus orisasini, 95.0, 78.26, 0.15; GCF_000380045.1, s__Streptococcus marimammalium, 95.0, 78.18, 0.17; GCF_000423725.1, s__Streptococcus devriesei, 95.0, 78.09, 0.15; GCF_000286075.1, s__Streptococcus ratti, 95.0, 78.09, 0.14; GCF_001937065.1, s__Streptococcus sp001937065, 95.0, 78.09, 0.13; GCA_003521145.1, s__Streptococcus sp003521145, 95.0, 77.85, 0.13"	97.96	11	N/A	N/A
NC_005090.1	d__Bacteria;p__Campylobacterota;c__Campylobacteria;o__Campylobacterales;f__Helicobacteraceae;g__Wolinella;s__Wolinella succinogenes	GCF_000196135.1	95	d__Bacteria;p__Campylobacterota;c__Campylobacteria;o__Campylobacterales;f__Helicobacteraceae;g__Wolinella;s__Wolinella succinogenes	100	1	GCF_000196135.1	95	d__Bacteria;p__Campylobacterota;c__Campylobacteria;o__Campylobacterales;f__Helicobacteraceae;g__Wolinella;s__Wolinella succinogenes	100	1	d__Bacteria;p__Campylobacterota;c__Campylobacteria;o__Campylobacterales;f__Helicobacteraceae;g__;s__	taxonomic classification defined by topology and ANI	topological placement and ANI have congruent species assignments	N/A	92.96	11	N/A	N/A
NC_010644.1	d__Bacteria;p__Elusimicrobiota;c__Elusimicrobia;o__Elusimicrobiales;f__Elusimicrobiaceae;g__Elusimicrobium;s__Elusimicrobium minutum	GCF_000020145.1	95	d__Bacteria;p__Elusimicrobiota;c__Elusimicrobia;o__Elusimicrobiales;f__Elusimicrobiaceae;g__Elusimicrobium;s__Elusimicrobium minutum	100	1	GCF_000020145.1	95	d__Bacteria;p__Elusimicrobiota;c__Elusimicrobia;o__Elusimicrobiales;f__Elusimicrobiaceae;g__Elusimicrobium;s__Elusimicrobium minutum	100	1	d__Bacteria;p__Elusimicrobiota;c__Elusimicrobia;o__Elusimicrobiales;f__Elusimicrobiaceae;g__;s__	taxonomic classification defined by topology and ANI	topological placement and ANI have congruent species assignments	N/A	91.81	11	N/A	N/A
NC_010717.2	d__Bacteria;p__Proteobacteria;c__Gammaproteobacteria;o__Xanthomonadales;f__Xanthomonadaceae;g__Xanthomonas;s__Xanthomonas oryzae	GCF_004136375.1	95	d__Bacteria;p__Proteobacteria;c__Gammaproteobacteria;o__Xanthomonadales;f__Xanthomonadaceae;g__Xanthomonas;s__Xanthomonas oryzae	99.8	0.97	GCF_004136375.1	95	d__Bacteria;p__Proteobacteria;c__Gammaproteobacteria;o__Xanthomonadales;f__Xanthomonadaceae;g__Xanthomonas;s__Xanthomonas oryzae	99.8	0.97	d__Bacteria;p__Proteobacteria;c__Gammaproteobacteria;o__Xanthomonadales;f__Xanthomonadaceae;g__Xanthomonas;s__	taxonomic classification defined by topology and ANI	topological placement and ANI have congruent species assignments	"GCF_000772705.2, s__Xanthomonas vasicola, 95.0, 90.93, 0.79; GCF_002846205.1, s__Xanthomonas prunicola, 95.0, 90.74, 0.73; GCF_001976075.1, s__Xanthomonas perforans, 95.0, 89.86, 0.75; GCF_002019225.1, s__Xanthomonas citri, 95.0, 89.62, 0.75; GCF_001304695.1, s__Xanthomonas axonopodis, 95.0, 89.44, 0.85; GCF_900092025.1, s__Xanthomonas bromi, 95.0, 89.37, 0.79; GCF_003999565.1, s__Xanthomonas phaseoli, 95.0, 89.3, 0.72; GCF_001660815.1, s__Xanthomonas nasturtii, 95.0, 88.53, 0.75; GCF_002940205.1, s__Xanthomonas arboricola_C, 95.0, 87.1, 0.73; GCF_000802365.1, s__Xanthomonas cannabis, 95.0, 86.73, 0.73; GCF_002939945.1, s__Xanthomonas arboricola_A, 95.0, 86.71, 0.71; GCF_002940465.1, s__Xanthomonas arboricola_D, 95.0, 86.69, 0.71; GCF_001013475.1, s__Xanthomonas arboricola, 95.0, 86.62, 0.69; GCF_000454545.1, s__Xanthomonas cassavae, 95.0, 86.56, 0.66; GCF_003353015.1, s__Xanthomonas arboricola_E, 95.0, 86.52, 0.72; GCF_002940665.1, s__Xanthomonas arboricola_B, 95.0, 86.46, 0.7; GCF_002940005.1, s__Xanthomonas hortorum, 96.12, 86.45, 0.68; GCF_002939985.1, s__Xanthomonas cynarae, 96.12, 86.41, 0.69; GCF_001423495.1, s__Xanthomonas sp001423495, 95.0, 86.38, 0.67; GCF_002940045.1, s__Xanthomonas pisi, 95.0, 86.36, 0.67; GCF_002939865.1, s__Xanthomonas dyei, 95.0, 86.21, 0.69; GCF_002939785.1, s__Xanthomonas codiaei, 95.0, 86.12, 0.7; GCF_001423585.1, s__Xanthomonas sp001423585, 95.0, 86.11, 0.67; GCF_001642575.1, s__Xanthomonas floridensis, 95.0, 86.06, 0.68; GCF_001908725.1, s__Xanthomonas vesicatoria, 95.0, 85.9, 0.67; GCF_002940065.1, s__Xanthomonas populi, 95.0, 85.6, 0.78; GCF_002939885.1, s__Xanthomonas cucurbitae, 95.0, 85.53, 0.75; GCF_900183975.1, s__Xanthomonas fragariae, 95.0, 85.49, 0.71; GCF_002940015.1, s__Xanthomonas melonis, 95.0, 85.41, 0.71; GCF_000007145.1, s__Xanthomonas campestris, 95.0, 85.21, 0.67; GCF_000401255.1, s__Xanthomonas maliensis, 95.0, 82.72, 0.67; GCF_000331775.1, s__Xanthomonas translucens, 95.0, 81.59, 0.59; GCF_002940085.1, s__Xanthomonas sacchari, 95.0, 81.49, 0.54; GCF_002939895.1, s__Xanthomonas hyacinthi, 95.0, 81.48, 0.53; GCF_000815185.1, s__Xanthomonas sacchari_A, 95.0, 81.48, 0.53; GCF_001043115.1, s__Xanthomonas sp001043115, 95.0, 81.41, 0.53; GCF_002940605.1, s__Xanthomonas theicola, 95.0, 81.31, 0.57; GCF_002939705.1, s__Xanthomonas albilineans, 95.0, 79.72, 0.51; GCF_000963005.1, s__Xanthomonas sp000963005, 95.0, 79.6, 0.51"	98.43	11	N/A	N/A
NC_018496.1	d__Bacteria;p__Firmicutes;c__Bacilli;o__Mycoplasmatales;f__Mycoplasmoidaceae;g__Mycoplasmoides;s__Mycoplasmoides genitalium	GCF_000027325.1	95	d__Bacteria;p__Firmicutes;c__Bacilli;o__Mycoplasmatales;f__Mycoplasmoidaceae;g__Mycoplasmoides;s__Mycoplasmoides genitalium	99.44	1	GCF_000027325.1	95	d__Bacteria;p__Firmicutes;c__Bacilli;o__Mycoplasmatales;f__Mycoplasmoidaceae;g__Mycoplasmoides;s__Mycoplasmoides genitalium	99.44	1	d__Bacteria;p__Firmicutes;c__Bacilli;o__Mycoplasmatales;f__Mycoplasmoidaceae;g__Mycoplasmoides;s__	taxonomic classification defined by topology and ANI	topological placement and ANI have congruent species assignments	"GCA_000723365.1, s__Mycoplasmoides amphoriforme, 95.0, 81.02, 0.04; GCF_900476085.1, s__Mycoplasmoides gallisepticum, 95.0, 80.37, 0.05; GCF_000518305.1, s__Mycoplasmoides imitans, 95.0, 80.31, 0.05; GCF_000701785.1, s__Mycoplasmoides alvi, 95.0, 79.89, 0.05; GCF_000687795.1, s__Mycoplasmoides testudinis, 95.0, 79.5, 0.05; GCF_001272835.1, s__Mycoplasmoides pneumoniae, 95.0, 78.76, 0.19; GCF_000685905.1, s__Mycoplasmoides pirum, 95.0, 78.56, 0.07"	72.28	4	N/A	N/A
NC_021171.1	d__Bacteria;p__Firmicutes;c__Bacilli;o__Bacillales;f__Bacillaceae_A;g__1NLA3E;s__1NLA3E sp000242895	GCF_000242895.2	95	d__Bacteria;p__Firmicutes;c__Bacilli;o__Bacillales;f__Bacillaceae_A;g__1NLA3E;s__1NLA3E sp000242895	100	1	GCF_000242895.2	95	d__Bacteria;p__Firmicutes;c__Bacilli;o__Bacillales;f__Bacillaceae_A;g__1NLA3E;s__1NLA3E sp000242895	100	1	d__Bacteria;p__Firmicutes;c__Bacilli;o__Bacillales;f__Bacillaceae_A;g__;s__	taxonomic classification defined by topology and ANI	topological placement and ANI have congruent species assignments	N/A	95.1	11	N/A	N/A
NZ_AP017630.1	d__Bacteria;p__Firmicutes_A;c__Clostridia;o__Clostridiales;f__Clostridiaceae;g__Clostridium_P;s__Clostridium_P perfringens	GCF_000013285.1	95	d__Bacteria;p__Firmicutes_A;c__Clostridia;o__Clostridiales;f__Clostridiaceae;g__Clostridium_P;s__Clostridium_P perfringens	96.05	0.91	GCF_000013285.1	95	d__Bacteria;p__Firmicutes_A;c__Clostridia;o__Clostridiales;f__Clostridiaceae;g__Clostridium_P;s__Clostridium_P perfringens	96.05	0.91	d__Bacteria;p__Firmicutes_A;c__Clostridia;o__Clostridiales;f__Clostridiaceae;g__Clostridium_P;s__	taxonomic classification defined by topology and ANI	topological placement and ANI have congruent species assignments	"GCF_001403635.1, s__Clostridium_P sp001403635, 95.0, 78.84, 0.28; GCF_900456775.1, s__Clostridium_P ventriculi, 95.0, 78.71, 0.28; GCF_900091705.1, s__Clostridium_P mediterraneense, 95.0, 78.47, 0.26"	94.58	11	N/A	N/A
NZ_CP009863.1	d__Bacteria;p__Proteobacteria;c__Gammaproteobacteria;o__Enterobacterales;f__Enterobacteriaceae;g__Klebsiella;s__Klebsiella pneumoniae	GCF_000742135.1	95	d__Bacteria;p__Proteobacteria;c__Gammaproteobacteria;o__Enterobacterales;f__Enterobacteriaceae;g__Klebsiella;s__Klebsiella pneumoniae	99.07	0.9	GCF_000742135.1	95	d__Bacteria;p__Proteobacteria;c__Gammaproteobacteria;o__Enterobacterales;f__Enterobacteriaceae;g__Klebsiella;s__Klebsiella pneumoniae	99.07	0.9	d__Bacteria;p__Proteobacteria;c__Gammaproteobacteria;o__Enterobacterales;f__Enterobacteriaceae;g__Klebsiella;s__	taxonomic classification defined by topology and ANI	topological placement and ANI have congruent species assignments	"GCF_000828055.2, s__Klebsiella variicola, 95.0, 94.82, 0.88; GCF_002269255.1, s__Klebsiella quasivariicola, 95.0, 94.28, 0.88; GCF_000751755.1, s__Klebsiella quasipneumoniae, 95.0, 93.79, 0.87"	96.03	11	N/A	N/A
NZ_CP014067.2	d__Bacteria;p__Firmicutes;c__Bacilli;o__Lactobacillales;f__Enterococcaceae;g__Enterococcus_D;s__Enterococcus_D sp002850555	GCF_002850555.1	95	d__Bacteria;p__Firmicutes;c__Bacilli;o__Lactobacillales;f__Enterococcaceae;g__Enterococcus_D;s__Enterococcus_D sp002850555	98.54	0.91	GCF_002850555.1	95	d__Bacteria;p__Firmicutes;c__Bacilli;o__Lactobacillales;f__Enterococcaceae;g__Enterococcus_D;s__Enterococcus_D sp002850555	98.54	0.91	d__Bacteria;p__Firmicutes;c__Bacilli;o__Lactobacillales;f__Enterococcaceae;g__Enterococcus_D;s__	taxonomic classification defined by topology and ANI	topological placement and ANI have congruent species assignments	"GCF_001544095.1, s__Enterococcus_D casseliflavus, 95.0, 95.06, 0.87; GCF_001297065.1, s__Enterococcus_D sp001297065, 95.0, 80.32, 0.43; GCF_002140915.1, s__Enterococcus_D sp002140915, 95.0, 80.27, 0.46; GCF_001544275.1, s__Enterococcus_D gallinarum, 95.0, 79.89, 0.34"	96.57	11	N/A	N/A
NZ_CP014661.1	d__Bacteria;p__Proteobacteria;c__Gammaproteobacteria;o__Enterobacterales;f__Enterobacteriaceae;g__Salmonella;s__Salmonella enterica	GCF_000006945.2	95.02	d__Bacteria;p__Proteobacteria;c__Gammaproteobacteria;o__Enterobacterales;f__Enterobacteriaceae;g__Salmonella;s__Salmonella enterica	98.86	0.96	GCF_000006945.2	95.02	d__Bacteria;p__Proteobacteria;c__Gammaproteobacteria;o__Enterobacterales;f__Enterobacteriaceae;g__Salmonella;s__Salmonella enterica	98.86	0.96	d__Bacteria;p__Proteobacteria;c__Gammaproteobacteria;o__Enterobacterales;f__Enterobacteriaceae;g__Salmonella;s__	taxonomic classification defined by topology and ANI	topological placement and ANI have congruent species assignments	"GCA_003325215.1, s__Salmonella diarizonae, 95.02, 95.16, 0.84; GCF_900478215.1, s__Salmonella houtenae, 95.0, 94.8, 0.84; GCF_000018625.1, s__Salmonella arizonae, 95.0, 93.43, 0.82; GCF_000252995.1, s__Salmonella bongori, 95.0, 90.09, 0.85"	96.85	11	N/A	N/A
NZ_CP016192.1	d__Bacteria;p__Actinobacteriota;c__Actinomycetia;o__Mycobacteriales;f__Mycobacteriaceae;g__Mycobacterium;s__Mycobacterium abscessus	GCF_000069185.1	95	d__Bacteria;p__Actinobacteriota;c__Actinomycetia;o__Mycobacteriales;f__Mycobacteriaceae;g__Mycobacterium;s__Mycobacterium abscessus	99.87	0.96	GCF_000069185.1	95	d__Bacteria;p__Actinobacteriota;c__Actinomycetia;o__Mycobacteriales;f__Mycobacteriaceae;g__Mycobacterium;s__Mycobacterium abscessus	99.87	0.96	d__Bacteria;p__Actinobacteriota;c__Actinomycetia;o__Mycobacteriales;f__Mycobacteriaceae;g__Mycobacterium;s__	taxonomic classification defined by topology and ANI	topological placement and ANI have congruent species assignments	"GCF_001605725.1, s__Mycobacterium immunogenum, 95.0, 86.19, 0.79; GCF_002013895.1, s__Mycobacterium franklinii, 95.0, 85.8, 0.78; GCF_001456355.1, s__Mycobacterium saopaulense, 95.0, 85.19, 0.84; GCF_004924335.1, s__Mycobacterium salmoniphilum, 95.0, 83.89, 0.8; GCF_001632805.1, s__Mycobacterium chelonae, 95.0, 83.84, 0.77; GCF_002356335.1, s__Mycobacterium stephanolepidis, 95.0, 83.81, 0.75; GCF_002013465.1, s__Mycobacterium sp002013465, 95.0, 83.8, 0.79; GCF_002013375.1, s__Mycobacterium sp002013375, 95.0, 83.79, 0.78; GCF_002013415.1, s__Mycobacterium sp002013415, 95.0, 83.73, 0.75; GCF_900637205.1, s__Mycobacterium chitae, 95.0, 78.38, 0.25; GCF_000373905.1, s__Mycobacterium sp000373905, 95.0, 78.35, 0.23; GCF_000613185.1, s__Mycobacterium cosmeticum, 95.0, 78.35, 0.27; GCF_001457595.1, s__Mycobacterium smegmatis, 95.0, 78.28, 0.26; GCF_001245615.1, s__Mycobacterium neworleansense, 95.0, 78.28, 0.26; GCF_900108565.1, s__Mycobacterium rutilum, 95.0, 78.27, 0.25; GCF_000805385.1, s__Mycobacterium setense, 95.0, 78.24, 0.25; GCF_001953975.1, s__Mycobacterium sp001953975, 95.0, 78.23, 0.24; GCF_900100615.1, s__Mycobacterium sp900100615, 95.0, 78.22, 0.24; GCF_002157835.1, s__Mycobacterium dioxanotrophicus, 95.0, 78.22, 0.26; GCF_900166915.1, s__Mycobacterium boenickei, 95.0, 78.21, 0.27; GCF_001494595.1, s__Mycobacterium sp001494595, 95.0, 78.21, 0.25; GCF_001942625.1, s__Mycobacterium syngnathidarum, 95.0, 78.21, 0.25; GCF_001050075.1, s__Mycobacterium fortuitum, 95.0, 78.21, 0.24; GCF_004762045.1, s__Mycobacterium sp004762045, 95.0, 78.2, 0.25; GCF_001187505.1, s__Mycobacterium goodii_B, 95.0, 78.19, 0.25; GCF_000382405.1, s__Mycobacterium sp000382405, 95.0, 78.19, 0.24; GCF_005670695.1, s__Mycobacterium aubagnense, 95.0, 78.18, 0.26; GCF_002086655.1, s__Mycobacterium monacense, 95.0, 78.17, 0.23; GCF_000612825.1, s__Mycobacterium mageritense, 95.0, 78.17, 0.26; GCF_001499995.1, s__Mycobacterium sp001499995, 95.0, 78.17, 0.23; GCF_001954135.1, s__Mycobacterium sp001954135, 95.0, 78.16, 0.25; GCF_002086835.1, s__Mycobacterium porcinum, 95.0, 78.16, 0.27; GCF_001886515.1, s__Mycobacterium sp001886515, 95.0, 78.15, 0.23; GCF_001942045.1, s__Mycobacterium porcinum_A, 95.0, 78.14, 0.26; GCF_001499965.1, s__Mycobacterium sp001499965, 95.0, 78.13, 0.24; GCF_000266905.1, s__Mycobacterium chubuense_A, 95.0, 78.13, 0.23; GCF_002102105.1, s__Mycobacterium confluentis, 95.0, 78.11, 0.23; GCF_000723385.1, s__Mycobacterium farcinogenes, 95.0, 78.11, 0.27; GCF_002101555.1, s__Mycobacterium canariasense, 95.0, 78.09, 0.26; GCF_001044245.1, s__Mycobacterium obuense, 95.0, 78.08, 0.22; GCA_000762985.1, s__Mycobacterium rufum, 95.0, 78.07, 0.26; GCF_001665685.1, s__Mycobacterium sp001665685, 95.0, 78.07, 0.26; GCF_000455325.1, s__Mycobacterium septicum, 95.0, 78.07, 0.28; GCF_000612725.1, s__Mycobacterium austroafricanum, 95.0, 78.06, 0.24; GCF_900078665.2, s__Mycobacterium houstonense, 95.0, 78.06, 0.27; GCF_002592005.1, s__Mycobacterium sp002592005, 95.0, 78.05, 0.24; GCA_007096635.1, s__Mycobacterium sp007096635, 95.0, 78.05, 0.21; GCF_001570425.1, s__Mycobacterium brisbanense, 95.0, 78.05, 0.27; GCF_001500125.1, s__Mycobacterium sp001500125, 95.0, 78.03, 0.24; GCF_001667265.1, s__Mycobacterium sp001667265, 95.0, 78.03, 0.23; GCF_004570325.1, s__Mycobacterium sp004570325, 95.0, 78.02, 0.24; GCF_001044255.1, s__Mycobacterium chubuense, 95.86, 78.02, 0.24; GCF_002086485.1, s__Mycobacterium aquaticum, 95.0, 78.02, 0.25; GCF_000328565.1, s__Mycobacterium sp000328565, 95.0, 78.0, 0.21; GCF_000426065.1, s__Mycobacterium sp000426065, 95.0, 78.0, 0.25; GCF_002723835.1, s__Mycobacterium sp002723835, 95.0, 78.0, 0.25; GCF_900453365.1, s__Mycobacterium tokaiense, 95.0, 78.0, 0.24; GCF_002101965.1, s__Mycobacterium wolinskyi, 95.0, 78.0, 0.25; GCF_002798385.1, s__Mycobacterium goodii_A, 95.0, 77.99, 0.24; GCF_000620625.1, s__Mycobacterium sp000620625, 95.0, 77.98, 0.24; GCF_001766635.1, s__Mycobacterium grossiae, 95.0, 77.98, 0.23; GCF_001984215.1, s__Mycobacterium sp001984215, 95.0, 77.98, 0.23; GCF_003053865.1, s__Mycobacterium sp003053865, 95.0, 77.95, 0.23; GCF_900453085.1, s__Mycobacterium aichiense, 95.0, 77.94, 0.23; GCF_001044235.1, s__Mycobacterium chlorophenolicum, 95.86, 77.93, 0.25; GCF_004366555.1, s__Mycobacterium litorale, 95.0, 77.91, 0.24; GCF_004362315.1, s__Mycobacterium sp004362315, 95.0, 77.89, 0.25; GCA_002007745.1, s__Mycobacterium litorale_A, 95.0, 77.89, 0.23; GCF_000230935.1, s__Mycobacterium rhodesiae_B, 95.0, 77.88, 0.24; GCF_001021385.1, s__Mycobacterium sp001021385, 95.0, 77.88, 0.22; GCF_002838065.1, s__Mycobacterium sp002838065, 95.0, 77.86, 0.22; GCF_002086395.1, s__Mycobacterium moriokaense, 95.0, 77.86, 0.22; GCF_002086695.1, s__Mycobacterium rhodesiae, 95.0, 77.85, 0.23; GCF_004745805.1, s__Mycobacterium sp004745805, 95.0, 77.85, 0.23; GCF_002887815.1, s__Mycobacterium sp002887815, 95.0, 77.84, 0.23; GCF_001500025.1, s__Mycobacterium sp001500025, 95.0, 77.83, 0.22; GCF_001673405.1, s__Mycobacterium sp001673405, 95.0, 77.82, 0.21; GCF_000559085.1, s__Mycobacterium aromaticivorans, 95.0, 77.81, 0.22; GCF_001665535.1, s__Mycobacterium sp001665535, 95.0, 77.81, 0.22; GCF_900240945.1, s__Mycobacterium sp900240945, 95.0, 77.81, 0.24; GCF_002102115.1, s__Mycobacterium doricum, 95.0, 77.8, 0.24; GCF_001665575.1, s__Mycobacterium sp001665575, 95.0, 77.8, 0.22; GCF_004354905.1, s__Mycobacterium eburneum, 95.0, 77.79, 0.26; GCF_001050015.1, s__Mycobacterium malmesburyense, 95.0, 77.78, 0.22; GCA_900078375.1, s__Mycobacterium sp900078375, 95.0, 77.78, 0.23; GCF_001050035.1, s__Mycobacterium komanii, 95.0, 77.77, 0.23; GCF_003201655.1, s__Mycobacterium moriokaense_A, 95.0, 77.76, 0.21; GCF_001499905.1, s__Mycobacterium sp001499905, 95.0, 77.76, 0.23; GCA_002863225.1, s__Mycobacterium sp002863225, 95.0, 77.75, 0.2; GCA_001510415.1, s__Mycobacterium sp001510415, 95.0, 77.75, 0.24; GCF_002101735.1, s__Mycobacterium kyorinense, 95.0, 77.74, 0.23; GCF_002250655.1, s__Mycobacterium sphagni, 95.0, 77.72, 0.23; GCF_002086575.1, s__Mycobacterium branderi, 95.0, 77.72, 0.22; GCF_003402475.1, s__Mycobacterium sp003402475, 95.0, 77.7, 0.24; GCF_001668575.1, s__Mycobacterium sp001668575, 95.0, 77.69, 0.22; GCF_001667505.1, s__Mycobacterium sp001667505, 95.0, 77.68, 0.22; GCF_002102185.1, s__Mycobacterium fragae, 95.0, 77.61, 0.2; GCF_002086415.1, s__Mycobacterium noviomagense, 95.0, 77.41, 0.2; GCA_005787665.1, s__Mycobacterium sp005787665, 95.0, 76.54, 0.18"	96.71	11	N/A	N/A
NZ_CP019572.1	d__Bacteria;p__Actinobacteriota;c__Actinomycetia;o__Mycobacteriales;f__Mycobacteriaceae;g__Rhodococcus;s__Rhodococcus sp001984015	GCF_001984015.1	95	d__Bacteria;p__Actinobacteriota;c__Actinomycetia;o__Mycobacteriales;f__Mycobacteriaceae;g__Rhodococcus;s__Rhodococcus sp001984015	100	1	GCF_001984015.1	95	d__Bacteria;p__Actinobacteriota;c__Actinomycetia;o__Mycobacteriales;f__Mycobacteriaceae;g__Rhodococcus;s__Rhodococcus sp001984015	100	1	d__Bacteria;p__Actinobacteriota;c__Actinomycetia;o__Mycobacteriales;f__Mycobacteriaceae;g__Rhodococcus;s__	taxonomic classification defined by topology and ANI	topological placement and ANI have congruent species assignments	"GCF_001894865.1, s__Rhodococcus maanshanensis, 95.0, 92.18, 0.85; GCF_001894985.1, s__Rhodococcus tukisamuensis, 95.0, 83.6, 0.66; GCF_006704125.1, s__Rhodococcus sp006704125, 95.0, 82.96, 0.71; GCF_001040705.1, s__Rhodococcus sp001040705, 95.0, 81.06, 0.54; GCF_003350365.1, s__Rhodococcus sp003350365, 95.0, 80.93, 0.48; GCF_000341795.1, s__Rhodococcus triatomae_A, 95.0, 80.77, 0.5; GCF_004011865.1, s__Rhodococcus agglutinans, 95.0, 80.61, 0.53; GCF_000738775.1, s__Rhodococcus defluvii, 95.0, 80.53, 0.51; GCF_005484805.1, s__Rhodococcus sp005484805, 95.0, 80.31, 0.5; GCF_001646645.1, s__Rhodococcus hoagii, 95.0, 80.29, 0.51; GCF_005434945.1, s__Rhodococcus sp005434945, 95.0, 80.27, 0.51; GCF_003051005.1, s__Rhodococcus sp003051005, 95.0, 80.25, 0.48; GCF_004328705.1, s__Rhodococcus sp004328705, 95.0, 80.13, 0.44; GCF_000010805.1, s__Rhodococcus opacus_C, 95.0, 79.95, 0.48; GCF_900105905.1, s__Rhodococcus koreensis, 95.0, 79.93, 0.48; GCF_000014565.1, s__Rhodococcus jostii_A, 95.0, 79.92, 0.47; GCF_002165735.1, s__Rhodococcus sp002165735, 95.0, 79.88, 0.47; GCF_000583735.1, s__Rhodococcus wratislaviensis, 95.0, 79.87, 0.47; GCF_000982715.1, s__Rhodococcus aetherivorans, 95.0, 79.83, 0.43; GCF_001894945.1, s__Rhodococcus ruber, 95.0, 79.77, 0.44; GCF_001646735.1, s__Rhodococcus opacus, 95.0, 79.77, 0.45; GCF_001894825.1, s__Rhodococcus jostii, 95.0, 79.71, 0.47; GCF_001646785.1, s__Rhodococcus phenolicus, 95.0, 79.65, 0.36; GCF_900187265.1, s__Rhodococcus rhodochrous, 95.0, 79.6, 0.38; GCF_900105195.1, s__Rhodococcus pyridinivorans, 95.0, 79.55, 0.37; GCF_004011825.1, s__Rhodococcus sp004011825, 95.0, 79.5, 0.49; GCF_001895025.1, s__Rhodococcus zopfii, 95.0, 79.48, 0.37; GCF_900099725.1, s__Rhodococcus triatomae, 95.0, 79.39, 0.44; GCF_001646655.1, s__Rhodococcus gordoniae, 95.0, 79.35, 0.4; GCF_004011835.1, s__Rhodococcus sp004011835, 95.0, 79.25, 0.47; GCF_900111805.1, s__Rhodococcus kroppenstedtii, 95.0, 79.14, 0.4; GCF_001895045.1, s__Rhodococcus coprophilus, 95.0, 79.11, 0.36; GCF_002245895.1, s__Rhodococcus sp002245895, 95.0, 79.1, 0.28; GCF_001894765.1, s__Rhodococcus corynebacterioides, 95.0, 79.05, 0.41; GCF_000686025.1, s__Rhodococcus sp000686025, 95.0, 78.98, 0.34; GCF_001894885.1, s__Rhodococcus marinonascens, 95.0, 78.98, 0.34; GCF_003130705.1, s__Rhodococcus sp003130705, 95.0, 78.96, 0.37; GCF_002303875.1, s__Rhodococcus erythropolis_D, 95.0, 78.94, 0.33; GCF_000954115.1, s__Rhodococcus sp000954115, 95.0, 78.91, 0.3; GCF_002258315.1, s__Rhodococcus sp002258315, 95.0, 78.9, 0.29; GCF_001646745.1, s__Rhodococcus qingshengii, 95.53, 78.88, 0.33; GCF_001767395.1, s__Rhodococcus sp001767395, 95.0, 78.87, 0.35; GCF_001645385.1, s__Rhodococcus kyotonensis_B, 95.0, 78.85, 0.31; GCF_001426185.1, s__Rhodococcus sp001426185, 95.0, 78.84, 0.34; GCF_001552595.1, s__Rhodococcus erythropolis, 95.53, 78.81, 0.33; GCF_002259405.1, s__Rhodococcus sp002259405, 95.0, 78.81, 0.29; GCF_001894925.1, s__Rhodococcus rhodnii, 95.0, 78.8, 0.4; GCF_000813105.1, s__Rhodococcus sp000813105, 95.0, 78.76, 0.29; GCF_001894805.1, s__Rhodococcus globerulus, 95.0, 78.75, 0.29; GCF_002259485.1, s__Rhodococcus sp002259485, 95.0, 78.74, 0.29; GCF_001894785.1, s__Rhodococcus fascians, 95.0, 78.7, 0.26; GCA_001312645.1, s__Rhodococcus sp001312645, 95.0, 78.69, 0.26; GCF_004345605.1, s__Rhodococcus sp004345605, 95.0, 78.68, 0.31; GCF_002259335.1, s__Rhodococcus sp002259335, 95.0, 78.65, 0.27; GCF_002258785.1, s__Rhodococcus sp002258785, 95.0, 78.63, 0.27; GCF_001426085.1, s__Rhodococcus sp001426085, 95.0, 78.62, 0.27; GCF_900188125.1, s__Rhodococcus kyotonensis, 95.0, 78.57, 0.28; GCF_000333955.1, s__Rhodococcus sp000333955, 95.0, 78.55, 0.26; GCF_000760735.1, s__Rhodococcus fascians_E, 95.0, 78.54, 0.26; GCF_002259415.1, s__Rhodococcus sp002259415, 95.0, 78.4, 0.26; GCF_003641205.1, s__Rhodococcus sp003641205, 95.0, 78.38, 0.25; GCF_003386655.1, s__Rhodococcus sp003386655, 95.0, 78.38, 0.24; GCF_001895005.1, s__Rhodococcus yunnanensis, 95.0, 78.29, 0.27; GCF_001942265.1, s__Rhodococcus sp001942265, 95.0, 78.21, 0.26; GCF_002091955.1, s__Rhodococcus sp002091955, 95.0, 78.14, 0.23; GCF_002091985.1, s__Rhodococcus sp002091985, 95.0, 78.13, 0.25; GCF_004795915.1, s__Rhodococcus sp004795915, 95.0, 78.09, 0.24; GCF_001647195.1, s__Rhodococcus sp001647195, 95.0, 77.98, 0.23"	91.37	11	N/A	N/A
NZ_CP020822.1	d__Bacteria;p__Bacteroidota;c__Bacteroidia;o__Flavobacteriales;f__Flavobacteriaceae;g__Tenacibaculum;s__Tenacibaculum maritimum	GCF_900119795.1	95	d__Bacteria;p__Bacteroidota;c__Bacteroidia;o__Flavobacteriales;f__Flavobacteriaceae;g__Tenacibaculum;s__Tenacibaculum maritimum	99.06	0.93	GCF_900119795.1	95	d__Bacteria;p__Bacteroidota;c__Bacteroidia;o__Flavobacteriales;f__Flavobacteriaceae;g__Tenacibaculum;s__Tenacibaculum maritimum	99.06	0.93	d__Bacteria;p__Bacteroidota;c__Bacteroidia;o__Flavobacteriales;f__Flavobacteriaceae;g__Tenacibaculum;s__	taxonomic classification defined by topology and ANI	topological placement and ANI have congruent species assignments	"GCF_003387615.1, s__Tenacibaculum gallaicum, 95.0, 78.21, 0.28; GCF_002836595.1, s__Tenacibaculum sp002836595, 95.0, 78.17, 0.34; GCF_001483385.1, s__Tenacibaculum dicentrarchi_C, 96.73, 78.15, 0.3; GCF_003867075.1, s__Tenacibaculum mesophilum, 95.0, 78.14, 0.3; GCF_003664185.1, s__Tenacibaculum discolor, 95.0, 78.12, 0.31; GCF_001693415.1, s__Tenacibaculum soleae, 95.0, 78.08, 0.34; GCF_900105985.1, s__Tenacibaculum sp900105985, 95.0, 78.07, 0.31; GCF_004363005.1, s__Tenacibaculum caenipelagi, 95.0, 78.05, 0.29; GCF_000430545.1, s__Tenacibaculum ovolyticum, 95.0, 78.02, 0.32; GCF_003610735.1, s__Tenacibaculum lutimaris, 95.0, 78.01, 0.33; GCF_003937815.1, s__Tenacibaculum litoreum, 95.0, 77.95, 0.3; GCF_900239345.1, s__Tenacibaculum dicentrarchi, 95.0, 77.92, 0.33; GCF_002120225.1, s__Tenacibaculum holothuriorum, 95.0, 77.91, 0.32; GCF_900239485.1, s__Tenacibaculum finnmarkense, 96.73, 77.89, 0.31; GCF_900239505.1, s__Tenacibaculum sp900239505, 95.0, 77.8, 0.33; GCF_004762155.1, s__Tenacibaculum sp004762155, 95.0, 77.7, 0.31; GCF_900105455.1, s__Tenacibaculum sp900105455, 95.0, 77.62, 0.24; GCF_002813915.1, s__Tenacibaculum sp002813915, 95.0, 77.56, 0.21; GCF_004337695.1, s__Tenacibaculum sp004337695, 95.0, 77.48, 0.26; GCF_900198195.1, s__Tenacibaculum jejuense, 95.0, 77.4, 0.23; GCF_004345825.1, s__Tenacibaculum skagerrakense, 95.0, 77.33, 0.22; GCF_002954385.1, s__Tenacibaculum sp002954385, 95.0, 77.24, 0.19; GCF_001936575.1, s__Tenacibaculum agarivorans, 95.0, 77.12, 0.25"	98.13	11	N/A	N/A
NZ_CP020870.1	d__Bacteria;p__Proteobacteria;c__Gammaproteobacteria;o__Xanthomonadales;f__Xanthomonadaceae;g__Xylella;s__Xylella fastidiosa	GCF_000767565.1	95	d__Bacteria;p__Proteobacteria;c__Gammaproteobacteria;o__Xanthomonadales;f__Xanthomonadaceae;g__Xylella;s__Xylella fastidiosa	96.46	0.92	GCF_000767565.1	95	d__Bacteria;p__Proteobacteria;c__Gammaproteobacteria;o__Xanthomonadales;f__Xanthomonadaceae;g__Xylella;s__Xylella fastidiosa	96.46	0.92	d__Bacteria;p__Proteobacteria;c__Gammaproteobacteria;o__Xanthomonadales;f__Xanthomonadaceae;g__Xylella;s__	taxonomic classification defined by topology and ANI	topological placement and ANI have congruent species assignments	"GCF_000576405.1, s__Xylella taiwanensis, 95.0, 83.31, 0.76"	97.6	11	N/A	N/A
NZ_CP021922.1	d__Bacteria;p__Proteobacteria;c__Alphaproteobacteria;o__Acetobacterales;f__Acetobacteraceae;g__Acetobacter;s__Acetobacter pasteurianus	GCF_000285275.1	95	d__Bacteria;p__Proteobacteria;c__Alphaproteobacteria;o__Acetobacterales;f__Acetobacteraceae;g__Acetobacter;s__Acetobacter pasteurianus	97.48	0.87	GCF_000285275.1	95	d__Bacteria;p__Proteobacteria;c__Alphaproteobacteria;o__Acetobacterales;f__Acetobacteraceae;g__Acetobacter;s__Acetobacter pasteurianus	97.48	0.87	d__Bacteria;p__Proteobacteria;c__Alphaproteobacteria;o__Acetobacterales;f__Acetobacteraceae;g__Acetobacter;s__	taxonomic classification defined by topology and ANI	topological placement and ANI have congruent species assignments	"GCF_001183745.1, s__Acetobacter pasteurianus_B, 95.0, 93.59, 0.87; GCF_001766235.1, s__Acetobacter ascendens, 95.0, 92.62, 0.81; GCF_001628715.1, s__Acetobacter oryzifermentans, 95.0, 90.71, 0.8; GCF_002738225.1, s__Acetobacter pomorum, 95.0, 88.55, 0.73; GCF_002276555.1, s__Acetobacter fabarum, 95.0, 79.92, 0.4; GCF_001499675.1, s__Acetobacter ghanensis, 95.0, 79.56, 0.43; GCF_000613865.1, s__Acetobacter okinawensis, 95.0, 79.25, 0.34; GCF_002153605.1, s__Acetobacter malorum_A, 95.0, 79.13, 0.35; GCF_001580915.1, s__Acetobacter tropicalis, 95.0, 79.11, 0.35; GCF_001580995.1, s__Acetobacter senegalensis, 95.0, 79.11, 0.36; GCF_002153655.1, s__Acetobacter okinawensis_A, 95.0, 79.01, 0.39; GCF_000613905.1, s__Acetobacter persici, 95.0, 78.92, 0.33; GCF_001580535.1, s__Acetobacter cerevisiae, 95.0, 78.88, 0.37; GCF_000613285.1, s__Acetobacter papayae, 95.0, 78.81, 0.3; GCF_000963945.1, s__Acetobacter indonesiensis, 95.0, 78.75, 0.29; GCF_000964225.1, s__Acetobacter syzygii, 95.0, 78.73, 0.39; GCF_001580615.1, s__Acetobacter malorum, 95.0, 78.63, 0.36; GCF_006539345.1, s__Acetobacter peroxydans, 95.0, 78.54, 0.29; GCF_001581005.1, s__Acetobacter orleanensis, 95.0, 78.41, 0.33; GCF_002005445.1, s__Acetobacter aceti_B, 95.0, 78.23, 0.12; GCF_000963925.1, s__Acetobacter cibinongensis, 95.0, 78.22, 0.29; GCF_000963965.1, s__Acetobacter orientalis, 95.0, 78.01, 0.27; GCF_000963905.1, s__Acetobacter aceti, 95.0, 77.9, 0.12; GCF_000429165.1, s__Acetobacter nitrogenifigens, 95.0, 77.64, 0.08; GCF_002153485.1, s__Acetobacter sp002153485, 95.0, 77.47, 0.15; GCF_002153745.1, s__Acetobacter sp002153745, 95.0, 77.39, 0.04; GCA_002409645.1, s__Acetobacter sp002409645, 95.0, 77.19, 0.11"	97.26	11	N/A	N/A
NZ_CP022411.1	d__Bacteria;p__Proteobacteria;c__Gammaproteobacteria;o__Pseudomonadales;f__Pseudomonadaceae;g__Pseudomonas_E;s__Pseudomonas_E sp004011755	GCF_004011755.1	95	d__Bacteria;p__Proteobacteria;c__Gammaproteobacteria;o__Pseudomonadales;f__Pseudomonadaceae;g__Pseudomonas_E;s__Pseudomonas_E sp004011755	100	1	GCF_004011755.1	95	d__Bacteria;p__Proteobacteria;c__Gammaproteobacteria;o__Pseudomonadales;f__Pseudomonadaceae;g__Pseudomonas_E;s__Pseudomonas_E sp004011755	100	1	d__Bacteria;p__Proteobacteria;c__Gammaproteobacteria;o__Pseudomonadales;f__Pseudomonadaceae;g__Pseudomonas_E;s__	taxonomic classification defined by topology and ANI	topological placement and ANI have congruent species assignments	"GCF_900187515.1, s__Pseudomonas_E sp900187515, 95.0, 93.85, 0.9; GCF_002003425.1, s__Pseudomonas_E koreensis_A, 95.0, 93.54, 0.89; GCF_000783395.1, s__Pseudomonas_E helmanticensis, 95.0, 93.23, 0.88; GCF_003053805.1, s__Pseudomonas_E sp003053805, 95.0, 93.08, 0.88; GCF_900580865.1, s__Pseudomonas_E sp900580865, 95.0, 93.07, 0.88; GCF_900187605.1, s__Pseudomonas_E sp900187605, 95.0, 93.0, 0.89; GCF_005938625.1, s__Pseudomonas_E fluorescens_BD, 95.0, 92.91, 0.84; GCF_000276585.1, s__Pseudomonas_E fluorescens_F, 95.0, 92.84, 0.88; GCF_900582195.1, s__Pseudomonas_E sp900582195, 95.0, 92.75, 0.9; GCA_002754355.1, s__Pseudomonas_E sp002754355, 95.0, 92.51, 0.88; GCF_003732425.1, s__Pseudomonas_E fluorescens_BE, 95.0, 91.99, 0.88; GCF_001297015.1, s__Pseudomonas_E sp001297015, 95.0, 91.75, 0.86; GCF_001648775.1, s__Pseudomonas_E fluorescens_M, 95.0, 91.67, 0.86; GCF_000282515.1, s__Pseudomonas_E sp000282515, 95.0, 90.54, 0.81; GCF_004124275.1, s__Pseudomonas_E sp004124275, 95.0, 90.41, 0.85; GCF_001269815.1, s__Pseudomonas_E sp001269815, 95.0, 90.19, 0.84; GCF_003732725.1, s__Pseudomonas_E fluorescens_BC, 95.0, 89.64, 0.84; GCF_002901475.1, s__Pseudomonas_E sp002901475, 95.0, 89.64, 0.81; GCF_002813455.1, s__Pseudomonas_E baetica, 95.0, 89.54, 0.78; GCF_002878485.1, s__Pseudomonas_E sp002878485, 95.0, 89.14, 0.83; GCF_004683905.1, s__Pseudomonas_E putida_A, 95.0, 89.06, 0.86; GCF_900101415.1, s__Pseudomonas_E koreensis_D, 95.0, 89.04, 0.85; GCF_003999415.1, s__Pseudomonas_E koreensis_E, 95.0, 89.02, 0.81; GCF_000282275.2, s__Pseudomonas_E sp000282275, 95.0, 89.01, 0.84; GCF_000631985.1, s__Pseudomonas_E sp000631985, 95.0, 89.0, 0.85; GCA_001878715.1, s__Pseudomonas_E fluorescens_G, 95.0, 88.96, 0.81; GCF_000292795.1, s__Pseudomonas_E fluorescens_H, 95.0, 88.95, 0.82; GCF_003061005.1, s__Pseudomonas_E sp003061005, 95.0, 88.91, 0.85; GCF_001020875.1, s__Pseudomonas_E fluorescens_N, 95.0, 88.9, 0.81; GCF_900105485.1, s__Pseudomonas_E granadensis, 95.0, 88.8, 0.86; GCF_000633255.1, s__Pseudomonas_E sp000633255, 95.0, 88.77, 0.81; GCF_003049825.1, s__Pseudomonas_E koreensis_B, 95.0, 88.76, 0.78; GCF_001605965.1, s__Pseudomonas_E koreensis_C, 95.0, 88.56, 0.78; GCF_005233515.1, s__Pseudomonas_E sp005233515, 95.0, 88.54, 0.85; GCF_900636825.1, s__Pseudomonas_E fluorescens_BG, 95.0, 88.5, 0.8; GCF_900105805.1, s__Pseudomonas_E moraviensis_A, 95.0, 88.41, 0.83; GCF_000817895.1, s__Pseudomonas_E fluorescens_AO, 95.0, 88.36, 0.85; GCF_004006335.1, s__Pseudomonas_E sp002112885, 95.0, 88.35, 0.82; GCF_001655595.1, s__Pseudomonas_E sp001655595, 95.0, 88.28, 0.82; GCF_003352875.1, s__Pseudomonas_E fluorescens_BF, 95.0, 88.27, 0.82; GCF_003055645.1, s__Pseudomonas_E fluorescens_AR, 95.0, 88.16, 0.83; GCF_002836515.1, s__Pseudomonas_E sp002836515, 95.0, 88.12, 0.82; GCF_002113125.1, s__Pseudomonas_E sp002113125, 95.0, 88.04, 0.86; GCF_002417665.1, s__Pseudomonas_E fluorescens_J, 95.0, 88.04, 0.79; GCF_003352185.1, s__Pseudomonas_E kribbensis, 95.0, 88.04, 0.8; GCF_002113045.1, s__Pseudomonas_E sp002113045, 95.0, 87.9, 0.82; GCF_002112385.1, s__Pseudomonas_E sp002112385, 95.0, 87.79, 0.81; GCF_001679645.1, s__Pseudomonas_E fluorescens_K, 95.0, 87.15, 0.83; GCF_002113595.1, s__Pseudomonas_E sp002113595, 95.0, 86.33, 0.79; GCF_000282195.1, s__Pseudomonas_E sp000282195, 95.0, 85.81, 0.7; GCF_000802965.1, s__Pseudomonas_E fluorescens_A, 95.0, 85.79, 0.68; GCF_900187615.1, s__Pseudomonas_E sp900187615, 95.0, 85.75, 0.66; GCF_000282455.1, s__Pseudomonas_E sp000282455, 95.0, 85.74, 0.71; GCF_001655615.1, s__Pseudomonas_E sp001655615, 95.0, 85.74, 0.68; GCF_000967965.1, s__Pseudomonas_E fluorescens_O, 95.0, 85.71, 0.69; GCF_002236115.1, s__Pseudomonas_E jessenii, 95.0, 85.71, 0.67; GCF_001429045.1, s__Pseudomonas_E sp001429045, 95.0, 85.7, 0.69; GCF_002303925.1, s__Pseudomonas_E sp002303925, 95.0, 85.68, 0.68; GCF_006438925.1, s__Pseudomonas_E mandelii_C, 95.0, 85.67, 0.67; GCF_003053605.1, s__Pseudomonas_E sp003053605, 95.0, 85.62, 0.62; GCF_000282375.1, s__Pseudomonas_E sp000282375, 95.0, 85.6, 0.68; GCF_900106065.1, s__Pseudomonas_E mandelii, 95.0, 85.6, 0.71; GCF_003050925.1, s__Pseudomonas_E sp003050925, 95.0, 85.6, 0.66; GCF_001945365.1, s__Pseudomonas_E reinekei, 95.0, 85.59, 0.68; GCF_002934665.1, s__Pseudomonas_E laurylsulfatiphila, 95.0, 85.58, 0.67; GCF_003732275.1, s__Pseudomonas_E frederiksbergensis_H, 95.0, 85.57, 0.66; GCF_000512695.2, s__Pseudomonas_E sp000512695, 95.0, 85.56, 0.7; GCF_001984065.1, s__Pseudomonas_E sp001984065, 95.0, 85.55, 0.68; GCF_002967995.1, s__Pseudomonas_E frederiksbergensis_D, 95.0, 85.53, 0.69; GCF_002906155.1, s__Pseudomonas_E laurylsulfativorans, 95.0, 85.49, 0.65; GCF_001238485.1, s__Pseudomonas_E syringae_E, 95.0, 85.46, 0.69; GCF_001042905.1, s__Pseudomonas_E lini, 95.0, 85.45, 0.69; GCF_002113025.1, s__Pseudomonas_E sp002113025, 95.0, 85.43, 0.7; GCF_900187445.1, s__Pseudomonas_E sp900187445, 95.0, 85.41, 0.69; GCF_000282495.1, s__Pseudomonas_E sp000282495, 95.0, 85.4, 0.67; GCF_002113375.1, s__Pseudomonas_E sp002113375, 95.0, 85.34, 0.68; GCF_900187565.1, s__Pseudomonas_E sp900187565, 95.0, 85.33, 0.67; GCF_000282475.1, s__Pseudomonas_E sp000282475, 95.0, 85.32, 0.62; GCF_003228315.1, s__Pseudomonas_E putida_S, 95.0, 85.3, 0.63; GCF_900105115.1, s__Pseudomonas_E mohnii, 95.0, 85.29, 0.64; GCF_004348895.1, s__Pseudomonas_E vancouverensis, 95.0, 85.29, 0.67; GCF_002356535.1, s__Pseudomonas_E sp002356535, 95.0, 85.28, 0.65; GCF_900102045.1, s__Pseudomonas_E moorei_A, 95.0, 85.26, 0.65; GCF_001421885.1, s__Pseudomonas_E sp001421885, 95.0, 85.22, 0.69; GCF_002286815.1, s__Pseudomonas_E sp002286815, 95.0, 85.16, 0.7; GCF_001976065.1, s__Pseudomonas_E putida_G, 95.0, 85.15, 0.62; GCF_002277815.1, s__Pseudomonas_E sp002277815, 95.0, 85.13, 0.63; GCF_001427125.1, s__Pseudomonas_E sp001427125, 95.0, 85.12, 0.69; GCF_001269805.1, s__Pseudomonas_E sp001269805, 95.0, 85.09, 0.66; GCF_002236105.1, s__Pseudomonas_E umsongensis, 95.0, 84.94, 0.61; GCF_000217955.2, s__Pseudomonas_E fluorescens_AQ, 95.0, 84.76, 0.59; GCF_003732225.1, s__Pseudomonas_E brassicacearum_E, 95.0, 84.7, 0.67; GCF_001307155.1, s__Pseudomonas_E fluorescens_E, 95.0, 84.65, 0.64; GCF_001874645.1, s__Pseudomonas_E frederiksbergensis_B, 95.0, 84.6, 0.62; GCF_900581005.1, s__Pseudomonas_E sp900581005, 95.0, 83.77, 0.61; GCF_000194805.1, s__Pseudomonas_E brassicacearum, 95.0, 83.76, 0.61; GCF_001269655.1, s__Pseudomonas_E thivervalensis, 95.0, 83.64, 0.62; GCF_000346775.1, s__Pseudomonas_E fluorescens_T, 95.0, 83.42, 0.63; GCF_000281895.1, s__Pseudomonas_E fluorescens_S, 95.0, 83.34, 0.61"	98.65	11	N/A	N/A
NZ_CP023406.1	d__Bacteria;p__Proteobacteria;c__Gammaproteobacteria;o__Xanthomonadales;f__Xanthomonadaceae;g__Luteimonas;s__Luteimonas sp002327105	GCF_002327105.1	95	d__Bacteria;p__Proteobacteria;c__Gammaproteobacteria;o__Xanthomonadales;f__Xanthomonadaceae;g__Luteimonas;s__Luteimonas sp002327105	100	1	GCF_002327105.1	95	d__Bacteria;p__Proteobacteria;c__Gammaproteobacteria;o__Xanthomonadales;f__Xanthomonadaceae;g__Luteimonas;s__Luteimonas sp002327105	100	1	d__Bacteria;p__Proteobacteria;c__Gammaproteobacteria;o__Xanthomonadales;f__Xanthomonadaceae;g__Luteimonas;s__	taxonomic classification defined by topology and ANI	topological placement and ANI have congruent species assignments	"GCF_004358165.1, s__Luteimonas terrae, 95.0, 84.88, 0.76; GCF_002307375.1, s__Luteimonas sp002307375, 95.0, 84.55, 0.77; GCF_002324875.1, s__Luteimonas sp002324875, 95.0, 84.16, 0.74; GCF_001014645.1, s__Luteimonas sp001014645, 95.0, 83.85, 0.71; GCF_002849595.1, s__Luteimonas sp002849595, 95.0, 83.68, 0.75; GCA_002240395.1, s__Luteimonas citri_A, 95.0, 83.1, 0.68; GCF_004803715.2, s__Luteimonas sp004803715, 95.0, 81.4, 0.62; GCF_004118975.1, s__Luteimonas sp004118975, 95.0, 81.38, 0.59; GCF_000559025.1, s__Luteimonas huabeiensis, 95.0, 81.33, 0.6; GCF_002798175.1, s__Luteimonas sp002798175, 95.0, 81.2, 0.6; GCF_004352825.1, s__Luteimonas arsenica, 95.0, 81.03, 0.58; GCF_000472505.1, s__Luteimonas sp000472505, 95.0, 80.96, 0.57; GCF_004352845.1, s__Luteimonas terricola, 95.0, 80.91, 0.55; GCF_000422305.1, s__Luteimonas mephitis, 95.0, 80.8, 0.52; GCF_004357985.1, s__Luteimonas aestuarii, 95.0, 80.76, 0.52; GCF_001482195.1, s__Luteimonas abyssi, 95.0, 80.72, 0.57; GCA_001683895.1, s__Luteimonas sp001683895, 95.0, 80.41, 0.55; GCF_001717465.1, s__Luteimonas sp001717465, 95.0, 80.08, 0.49"	97.7	11	N/A	N/A
NZ_CP024515.1	d__Bacteria;p__Proteobacteria;c__Gammaproteobacteria;o__Enterobacterales;f__Enterobacteriaceae;g__Klebsiella;s__Klebsiella pneumoniae	GCF_000742135.1	95	d__Bacteria;p__Proteobacteria;c__Gammaproteobacteria;o__Enterobacterales;f__Enterobacteriaceae;g__Klebsiella;s__Klebsiella pneumoniae	99.06	0.92	GCF_000742135.1	95	d__Bacteria;p__Proteobacteria;c__Gammaproteobacteria;o__Enterobacterales;f__Enterobacteriaceae;g__Klebsiella;s__Klebsiella pneumoniae	99.06	0.92	d__Bacteria;p__Proteobacteria;c__Gammaproteobacteria;o__Enterobacterales;f__Enterobacteriaceae;g__Klebsiella;s__	taxonomic classification defined by topology and ANI	topological placement and ANI have congruent species assignments	"GCF_000828055.2, s__Klebsiella variicola, 95.0, 94.84, 0.92; GCF_002269255.1, s__Klebsiella quasivariicola, 95.0, 94.29, 0.89; GCF_000751755.1, s__Klebsiella quasipneumoniae, 95.0, 93.87, 0.88"	96.87	11	N/A	N/A
NZ_CP024704.1	d__Bacteria;p__Fusobacteriota;c__Fusobacteriia;o__Fusobacteriales;f__Fusobacteriaceae;g__Fusobacterium;s__Fusobacterium periodonticum_D	GCF_002763915.1	95	d__Bacteria;p__Fusobacteriota;c__Fusobacteriia;o__Fusobacteriales;f__Fusobacteriaceae;g__Fusobacterium;s__Fusobacterium periodonticum_D	96.02	0.81	GCF_002763915.1	95	d__Bacteria;p__Fusobacteriota;c__Fusobacteriia;o__Fusobacteriales;f__Fusobacteriaceae;g__Fusobacterium;s__Fusobacterium periodonticum_D	96.02	0.81	d__Bacteria;p__Fusobacteriota;c__Fusobacteriia;o__Fusobacteriales;f__Fusobacteriaceae;g__Fusobacterium;s__	taxonomic classification defined by topology and ANI	topological placement and ANI have congruent species assignments	"GCF_002763735.1, s__Fusobacterium periodonticum_C, 95.0, 95.57, 0.84; GCF_000163935.1, s__Fusobacterium periodonticum_B, 95.0, 94.86, 0.79; GCF_000160475.1, s__Fusobacterium periodonticum, 95.0, 92.65, 0.78; GCF_000235465.1, s__Fusobacterium sp000235465, 95.0, 90.99, 0.85; GCF_000292935.1, s__Fusobacterium hwasookii, 95.0, 86.04, 0.73; GCF_001457555.1, s__Fusobacterium polymorphum, 95.0, 85.84, 0.71; GCF_002573625.1, s__Fusobacterium nucleatum_D, 95.0, 85.74, 0.71; GCF_003859915.1, s__Fusobacterium canifelinum, 95.0, 85.29, 0.75; GCF_000158275.2, s__Fusobacterium animalis, 95.0, 85.18, 0.68; GCF_000007325.1, s__Fusobacterium nucleatum, 95.0, 85.09, 0.71; GCA_000182945.1, s__Fusobacterium vincentii, 95.0, 84.71, 0.74; GCF_000493815.1, s__Fusobacterium nucleatum_E, 95.0, 84.29, 0.68; GCF_900095705.1, s__Fusobacterium massiliense, 95.0, 81.48, 0.62; GCF_000381725.1, s__Fusobacterium russii, 95.0, 78.48, 0.39"	92.28	11	N/A	N/A
NZ_CP031169.1	d__Bacteria;p__Firmicutes;c__Bacilli;o__Lactobacillales;f__Lactobacillaceae;g__Levilactobacillus;s__Levilactobacillus brevis	GCF_001433855.1	95	d__Bacteria;p__Firmicutes;c__Bacilli;o__Lactobacillales;f__Lactobacillaceae;g__Levilactobacillus;s__Levilactobacillus brevis	98.75	0.95	GCF_001433855.1	95	d__Bacteria;p__Firmicutes;c__Bacilli;o__Lactobacillales;f__Lactobacillaceae;g__Levilactobacillus;s__Levilactobacillus brevis	98.75	0.95	d__Bacteria;p__Firmicutes;c__Bacilli;o__Lactobacillales;f__Lactobacillaceae;g__Levilactobacillus;s__	taxonomic classification defined by topology and ANI	topological placement and ANI have congruent species assignments	"GCF_004745505.1, s__Levilactobacillus sp004745505, 95.0, 80.45, 0.36; GCF_003946045.1, s__Levilactobacillus sp003946045, 95.0, 80.4, 0.37; GCF_003946345.1, s__Levilactobacillus sp003946345, 95.0, 80.37, 0.36; GCA_003666485.1, s__Levilactobacillus brevis_A, 95.0, 80.31, 0.37; GCF_003946085.1, s__Levilactobacillus sp003946085, 95.0, 80.26, 0.38; GCF_003946335.1, s__Levilactobacillus sp003946335, 95.0, 80.16, 0.34; GCF_003946265.1, s__Levilactobacillus yonginensis, 95.0, 80.14, 0.35; GCF_001435525.1, s__Levilactobacillus koreensis, 95.0, 80.13, 0.35; GCF_003946395.1, s__Levilactobacillus sp003946395, 95.0, 80.13, 0.33; GCF_001434395.1, s__Levilactobacillus hammesii, 95.0, 80.1, 0.32; GCA_007115095.1, s__Levilactobacillus sp007115095, 95.0, 80.06, 0.37; GCF_003946145.1, s__Levilactobacillus sp003946145, 95.0, 79.93, 0.31; GCF_003946245.1, s__Levilactobacillus cerevisiae, 95.0, 79.92, 0.37; GCF_003946095.1, s__Levilactobacillus sp003946095, 95.0, 79.9, 0.33; GCF_001434055.1, s__Levilactobacillus parabrevis, 95.0, 79.81, 0.34; GCF_001592085.1, s__Levilactobacillus senmaizukei, 95.0, 79.78, 0.33; GCF_003946545.1, s__Levilactobacillus sp003946545, 95.0, 79.74, 0.36; GCF_001437125.1, s__Levilactobacillus paucivorans, 95.0, 79.66, 0.33; GCF_001435095.1, s__Levilactobacillus spicheri, 95.0, 79.33, 0.24; GCF_004115745.1, s__Levilactobacillus suantsaii, 95.0, 79.22, 0.26; GCF_001434115.1, s__Levilactobacillus zymae, 95.0, 79.15, 0.24; GCF_001434785.1, s__Levilactobacillus namurensis, 95.0, 79.14, 0.27; GCF_001434835.1, s__Levilactobacillus acidifarinae, 95.0, 78.9, 0.26; GCF_003124125.1, s__Levilactobacillus bambusae, 95.0, 78.14, 0.1"	95.65	11	N/A	N/A
NZ_CP033850.1	d__Bacteria;p__Proteobacteria;c__Gammaproteobacteria;o__Enterobacterales;f__Enterobacteriaceae;g__Escherichia;s__Escherichia coli_D	GCF_000026325.1	96.95	d__Bacteria;p__Proteobacteria;c__Gammaproteobacteria;o__Enterobacterales;f__Enterobacteriaceae;g__Escherichia;s__Escherichia coli_D	97.6	0.88	N/A	N/A	N/A	N/A	N/A	d__Bacteria;p__Proteobacteria;c__Gammaproteobacteria;o__Enterobacterales;f__Enterobacteriaceae;g__Escherichia;s__	ANI	topological placement and ANI have incongruent species assignments	"GCF_000026325.1, s__Escherichia coli_D, 96.95, 97.6, 0.88; GCF_003697165.2, s__Escherichia coli, 96.81, 97.26, 0.87; GCF_002950215.1, s__Escherichia flexneri, 97.0, 96.77, 0.79; GCF_002949675.1, s__Escherichia dysenteriae, 97.0, 96.59, 0.8; GCF_003018335.1, s__Escherichia coli_C, 96.13, 96.21, 0.86; GCF_002965065.1, s__Escherichia sp002965065, 95.0, 94.34, 0.8; GCF_000208585.1, s__Escherichia sp000208585, 95.0, 92.88, 0.86; GCF_004211955.1, s__Escherichia sp004211955, 95.0, 92.84, 0.83; GCF_005843885.1, s__Escherichia sp005843885, 95.0, 92.74, 0.8; GCF_001660175.1, s__Escherichia sp001660175, 95.0, 91.87, 0.88; GCF_000026225.1, s__Escherichia fergusonii, 95.0, 91.42, 0.74; GCF_002900365.1, s__Escherichia marmotae, 95.0, 91.2, 0.78; GCF_000759775.1, s__Escherichia albertii, 95.0, 90.28, 0.82"	98.51	11	N/A	N/A
NZ_CP034841.1	d__Bacteria;p__Firmicutes;c__Bacilli;o__Mycoplasmatales;f__Metamycoplasmataceae;g__Mycoplasmopsis;s__Mycoplasmopsis phocirhinis	GCF_004216495.1	95	d__Bacteria;p__Firmicutes;c__Bacilli;o__Mycoplasmatales;f__Metamycoplasmataceae;g__Mycoplasmopsis;s__Mycoplasmopsis phocirhinis	100	1	GCF_004216495.1	95	d__Bacteria;p__Firmicutes;c__Bacilli;o__Mycoplasmatales;f__Metamycoplasmataceae;g__Mycoplasmopsis;s__Mycoplasmopsis phocirhinis	100	1	d__Bacteria;p__Firmicutes;c__Bacilli;o__Mycoplasmatales;f__Metamycoplasmataceae;g__Mycoplasmopsis;s__	taxonomic classification defined by topology and ANI	topological placement and ANI have congruent species assignments	"GCF_900631685.1, s__Mycoplasmopsis caviae, 95.0, 79.31, 0.11; GCF_000183385.1, s__Mycoplasmopsis bovis, 95.0, 79.09, 0.11; GCF_900660525.1, s__Mycoplasmopsis bovigenitalium, 95.0, 78.99, 0.26; GCF_000702705.1, s__Mycoplasmopsis simbae, 95.0, 78.79, 0.28; GCF_900660705.1, s__Mycoplasmopsis columbinasale, 95.0, 78.59, 0.1; GCF_000695835.1, s__Mycoplasmopsis californica, 95.0, 78.59, 0.3; GCF_900660685.1, s__Mycoplasmopsis columbina, 95.0, 78.28, 0.19; GCF_000712185.1, s__Mycoplasmopsis opalescens, 95.0, 78.2, 0.12; GCF_000686585.1, s__Mycoplasmopsis lipofaciens, 95.0, 78.19, 0.23; GCF_005061465.1, s__Mycoplasmopsis bovis_A, 95.0, 78.12, 0.11; GCF_900660695.1, s__Mycoplasmopsis meleagridis, 95.0, 78.12, 0.15; GCF_006546935.1, s__Mycoplasmopsis mucosicanis, 95.0, 78.04, 0.24; GCF_000063605.1, s__Mycoplasmopsis agalactiae, 95.0, 78.03, 0.12; GCF_900660665.1, s__Mycoplasmopsis maculosum, 95.0, 77.86, 0.18; GCF_000266865.1, s__Mycoplasmopsis agalactiae_A, 95.0, 77.78, 0.11; GCF_000687775.1, s__Mycoplasmopsis felifaucium, 95.0, 77.56, 0.15; GCF_000209735.1, s__Mycoplasmopsis fermentans, 95.0, 77.51, 0.14; GCF_000621085.1, s__Mycoplasmopsis gallinarum, 95.0, 77.45, 0.19; GCF_000702785.1, s__Mycoplasmopsis primatum, 95.0, 77.24, 0.16; GCF_000701805.1, s__Mycoplasmopsis iners, 95.0, 77.22, 0.17"	77.68	4	N/A	N/A
NZ_CP038029.1	d__Bacteria;p__Bacteroidota;c__Bacteroidia;o__Sphingobacteriales;f__Sphingobacteriaceae;g__Sphingobacterium;s__Sphingobacterium psychroaquaticum	GCF_900177625.1	95	d__Bacteria;p__Bacteroidota;c__Bacteroidia;o__Sphingobacteriales;f__Sphingobacteriaceae;g__Sphingobacterium;s__Sphingobacterium psychroaquaticum	99.08	0.93	GCF_900177625.1	95	d__Bacteria;p__Bacteroidota;c__Bacteroidia;o__Sphingobacteriales;f__Sphingobacteriaceae;g__Sphingobacterium;s__Sphingobacterium psychroaquaticum	99.08	0.93	d__Bacteria;p__Bacteroidota;c__Bacteroidia;o__Sphingobacteriales;f__Sphingobacteriaceae;g__Sphingobacterium;s__	taxonomic classification defined by topology and ANI	topological placement and ANI have congruent species assignments	"GCF_901482695.1, s__Sphingobacterium thalpophilum, 95.0, 79.4, 0.08; GCF_900457465.1, s__Sphingobacterium multivorum, 95.0, 79.27, 0.09; GCF_001952815.1, s__Sphingobacterium siyangense, 95.0, 79.14, 0.1; GCF_900187125.1, s__Sphingobacterium mizutaii, 95.0, 79.14, 0.11; GCF_003627955.1, s__Sphingobacterium sp003627955, 95.0, 79.03, 0.1; GCF_002000245.1, s__Sphingobacterium sp002000245, 95.0, 78.85, 0.08; GCF_003610355.1, s__Sphingobacterium detergens, 95.0, 78.78, 0.1; GCF_004364125.1, s__Sphingobacterium paludis, 95.0, 78.77, 0.12; GCF_003071065.1, s__Sphingobacterium sp003071065, 95.0, 78.71, 0.09; GCF_000757725.1, s__Sphingobacterium deserti, 95.0, 78.63, 0.13; GCF_006476045.1, s__Sphingobacterium sp006476045, 95.0, 78.6, 0.13; GCF_901472535.1, s__Sphingobacterium daejeonense, 95.0, 78.58, 0.1; GCF_004526235.1, s__Sphingobacterium sp002734245, 95.0, 78.57, 0.12; GCF_000747525.1, s__Sphingobacterium sp000747525, 95.0, 78.57, 0.1; GCA_002322865.1, s__Sphingobacterium sp002322865, 95.0, 78.56, 0.1; GCF_900163865.1, s__Sphingobacterium sp900163865, 95.0, 78.55, 0.11; GCA_002476975.1, s__Sphingobacterium sp002476975, 95.0, 78.51, 0.11; GCA_002420705.1, s__Sphingobacterium sp002420705, 95.0, 78.5, 0.08; GCF_000814685.1, s__Sphingobacterium sp000814685, 95.0, 78.45, 0.1; GCF_002245855.1, s__Sphingobacterium cellulitidis, 95.0, 78.44, 0.11; GCA_002354335.1, s__Sphingobacterium sp002354335, 95.0, 78.4, 0.11; GCF_900107985.1, s__Sphingobacterium lactis, 95.0, 78.38, 0.1; GCA_002418355.1, s__Sphingobacterium sp002418355, 95.0, 78.38, 0.09; GCF_002933815.1, s__Sphingobacterium sp002933815, 95.0, 78.35, 0.09; GCF_900168125.1, s__Sphingobacterium nematocida, 95.0, 78.34, 0.11; GCF_005048855.1, s__Sphingobacterium sp005048855, 95.0, 78.31, 0.11; GCF_900116225.1, s__Sphingobacterium wenxiniae, 95.0, 78.29, 0.16; GCF_000143765.1, s__Sphingobacterium spiritivorum, 95.0, 78.25, 0.09; GCA_002472835.1, s__Sphingobacterium sp002472835, 95.0, 78.25, 0.08; GCF_000416985.1, s__Sphingobacterium paucimobilis, 95.0, 78.21, 0.09; GCF_004208525.1, s__Sphingobacterium sp004208525, 95.0, 78.21, 0.12; GCF_001586775.1, s__Sphingobacterium sp001586775, 95.0, 78.17, 0.09; GCF_005049105.1, s__Sphingobacterium alkalisoli, 95.0, 78.14, 0.1; GCF_004363245.1, s__Sphingobacterium yanglingense, 95.0, 78.12, 0.09; GCF_003076635.1, s__Sphingobacterium sp003076635, 95.0, 78.11, 0.09; GCA_002500745.1, s__Sphingobacterium sp002500745, 95.0, 78.07, 0.08; GCF_004342685.1, s__Sphingobacterium alimentarium, 95.0, 78.06, 0.12; GCF_003054045.1, s__Sphingobacterium faecium, 95.0, 78.04, 0.1; GCA_002455685.1, s__Sphingobacterium sp002455685, 95.0, 77.98, 0.11; GCF_002980575.1, s__Sphingobacterium gobiense, 95.0, 77.97, 0.11; GCF_000159515.1, s__Sphingobacterium spiritivorum_A, 95.0, 77.95, 0.1; GCF_000938735.2, s__Sphingobacterium sp000938735, 95.0, 77.95, 0.1; GCF_002980525.1, s__Sphingobacterium haloxyli, 95.0, 77.85, 0.11; GCF_001006065.1, s__Sphingobacterium sp001006065, 95.0, 77.83, 0.09; GCA_002454415.1, s__Sphingobacterium sp002454415, 95.0, 77.82, 0.08; GCA_002429765.1, s__Sphingobacterium sp002429765, 95.0, 77.8, 0.09; GCF_000783305.1, s__Sphingobacterium sp000783305, 95.0, 77.75, 0.09"	98.49	11	N/A	N/A
NZ_CP039171.1	d__Bacteria;p__Proteobacteria;c__Gammaproteobacteria;o__Piscirickettsiales;f__Piscirickettsiaceae;g__Piscirickettsia;s__Piscirickettsia salmonis	GCF_000297215.2	95	d__Bacteria;p__Proteobacteria;c__Gammaproteobacteria;o__Piscirickettsiales;f__Piscirickettsiaceae;g__Piscirickettsia;s__Piscirickettsia salmonis	95.46	0.87	GCF_000297215.2	95	d__Bacteria;p__Proteobacteria;c__Gammaproteobacteria;o__Piscirickettsiales;f__Piscirickettsiaceae;g__Piscirickettsia;s__Piscirickettsia salmonis	95.46	0.87	d__Bacteria;p__Proteobacteria;c__Gammaproteobacteria;o__Piscirickettsiales;f__Piscirickettsiaceae;g__Piscirickettsia;s__	taxonomic classification defined by topology and ANI	topological placement and ANI have congruent species assignments	"GCF_001644975.1, s__Piscirickettsia sp001644975, 95.0, 92.29, 0.9; GCF_001720395.1, s__Piscirickettsia litoralis, 95.0, 79.31, 0.32"	97.7	11	N/A	N/A
NZ_CP042211.1	d__Bacteria;p__Campylobacterota;c__Campylobacteria;o__Campylobacterales;f__Helicobacteraceae;g__Helicobacter;s__Helicobacter pylori	GCF_900478295.1	95	d__Bacteria;p__Campylobacterota;c__Campylobacteria;o__Campylobacterales;f__Helicobacteraceae;g__Helicobacter;s__Helicobacter pylori	95.93	0.96	GCF_900478295.1	95	d__Bacteria;p__Campylobacterota;c__Campylobacteria;o__Campylobacterales;f__Helicobacteraceae;g__Helicobacter;s__Helicobacter pylori	95.93	0.96	d__Bacteria;p__Campylobacterota;c__Campylobacteria;o__Campylobacterales;f__Helicobacteraceae;g__Helicobacter;s__	taxonomic classification defined by topology and ANI	topological placement and ANI have congruent species assignments	"GCF_004117965.1, s__Helicobacter pylori_CG, 95.0, 95.04, 0.96; GCF_003636935.1, s__Helicobacter pylori_CH, 95.0, 94.98, 0.94; GCF_000277405.1, s__Helicobacter pylori_C, 95.0, 94.71, 0.93; GCF_900120335.1, s__Helicobacter pylori_BU, 95.0, 94.65, 0.95; GCF_001653455.1, s__Helicobacter pylori_A, 95.0, 91.75, 0.95; GCF_900461455.1, s__Helicobacter acinonychis, 95.0, 89.75, 0.86; GCF_000259275.1, s__Helicobacter cetorum, 95.0, 82.42, 0.75; GCF_900198405.1, s__Helicobacter cetorum_C, 95.0, 81.65, 0.66; GCF_000259255.1, s__Helicobacter cetorum_B, 95.0, 80.94, 0.63"	90.85	11	N/A	N/A
NZ_CP045814.1	d__Bacteria;p__Firmicutes;c__Bacilli;o__Bacillales;f__Bacillaceae;g__Bacillus;s__Bacillus licheniformis	GCF_000011645.1	95.46	d__Bacteria;p__Firmicutes;c__Bacilli;o__Bacillales;f__Bacillaceae;g__Bacillus;s__Bacillus licheniformis	99.64	0.96	GCF_000011645.1	95.46	d__Bacteria;p__Firmicutes;c__Bacilli;o__Bacillales;f__Bacillaceae;g__Bacillus;s__Bacillus licheniformis	99.64	0.96	d__Bacteria;p__Firmicutes;c__Bacilli;o__Bacillales;f__Bacillaceae;g__Bacillus;s__	taxonomic classification defined by topology and ANI	topological placement and ANI have congruent species assignments	"GCF_001969855.1, s__Bacillus haynesii, 95.46, 95.36, 0.9; GCF_001042485.2, s__Bacillus paralicheniformis, 95.08, 94.61, 0.89; GCF_001969815.1, s__Bacillus swezeyi, 95.0, 83.95, 0.76; GCF_900166645.1, s__Bacillus sonorensis_A, 95.0, 83.52, 0.76; GCF_001592005.1, s__Bacillus sonorensis, 95.0, 82.95, 0.69; GCF_001042475.2, s__Bacillus glycinifermentans, 95.0, 82.65, 0.68; GCF_000196735.1, s__Bacillus amyloliquefaciens, 95.0, 79.25, 0.24; GCF_000009045.1, s__Bacillus subtilis, 95.0, 79.2, 0.23; GCF_004116955.1, s__Bacillus vallismortis, 95.0, 79.14, 0.24; GCF_001939535.1, s__Bacillus licheniformis_A, 95.0, 78.87, 0.24; GCF_900186955.1, s__Bacillus pumilus, 95.0, 78.83, 0.17; GCF_000245335.1, s__Bacillus mojavensis, 95.47, 78.78, 0.26; GCA_003431975.1, s__Bacillus pumilus_N, 95.0, 78.77, 0.15; GCF_002153395.1, s__Bacillus subtilis_G, 95.0, 78.77, 0.25; GCF_001584335.1, s__Bacillus atrophaeus, 95.0, 78.76, 0.25; GCF_001278705.1, s__Bacillus gobiensis, 95.0, 78.62, 0.11; GCA_001274925.1, s__Bacillus marinus, 95.0, 78.6, 0.26; GCF_000507145.1, s__Bacillus tequilensis, 95.0, 78.51, 0.25; GCF_000262045.1, s__Bacillus siamensis, 95.0, 78.5, 0.26; GCA_000332645.1, s__Bacillus inaquosorum, 95.0, 78.49, 0.25; GCF_001517105.1, s__Bacillus halotolerans, 95.47, 78.44, 0.25; GCF_001461825.1, s__Bacillus velezensis, 95.0, 78.36, 0.25; GCF_001584325.1, s__Bacillus nakamurai, 95.0, 78.35, 0.27; GCF_000691165.1, s__Bacillus safensis, 95.0, 78.15, 0.15; GCF_002744245.1, s__Bacillus pumilus_M, 95.0, 78.12, 0.16; GCA_001938995.1, s__Bacillus pumilus_G, 95.0, 78.07, 0.15; GCF_000691145.1, s__Bacillus altitudinis, 95.0, 77.88, 0.16; GCF_001307105.1, s__Bacillus australimaris, 95.0, 77.84, 0.15; GCF_000715205.1, s__Bacillus zhangzhouensis, 95.0, 77.66, 0.16; GCF_000300535.1, s__Bacillus xiamenensis, 95.0, 77.64, 0.16"	96.79	11	N/A	N/A
NZ_CP048787.1	d__Bacteria;p__Proteobacteria;c__Gammaproteobacteria;o__Enterobacterales;f__Enterobacteriaceae;g__Proteus;s__Proteus mirabilis	GCF_000160755.1	95	d__Bacteria;p__Proteobacteria;c__Gammaproteobacteria;o__Enterobacterales;f__Enterobacteriaceae;g__Proteus;s__Proteus mirabilis	99.12	0.91	GCF_000160755.1	95	d__Bacteria;p__Proteobacteria;c__Gammaproteobacteria;o__Enterobacterales;f__Enterobacteriaceae;g__Proteus;s__Proteus mirabilis	99.12	0.91	d__Bacteria;p__Proteobacteria;c__Gammaproteobacteria;o__Enterobacterales;f__Enterobacteriaceae;g__Proteus;s__	taxonomic classification defined by topology and ANI	topological placement and ANI have congruent species assignments	"GCF_003144535.1, s__Proteus penneri, 95.0, 84.03, 0.75; GCF_003144375.1, s__Proteus sp003144375, 95.0, 83.98, 0.71; GCF_002777965.1, s__Proteus columbae, 95.0, 83.98, 0.71; GCF_002206145.2, s__Proteus mirabilis_B, 95.18, 83.97, 0.71; GCF_002607735.1, s__Proteus alimentorum, 95.0, 83.95, 0.74; GCF_003144505.1, s__Proteus sp003144505, 95.0, 83.94, 0.71; GCF_001722135.1, s__Proteus sp001722135, 95.0, 83.93, 0.71; GCF_003144495.1, s__Proteus cibarius, 96.59, 83.92, 0.72; GCF_901472505.1, s__Proteus vulgaris, 95.0, 83.88, 0.74; GCF_001049975.1, s__Proteus vulgaris_B, 95.0, 83.88, 0.7; GCF_003144325.1, s__Proteus terrae, 96.59, 83.8, 0.72; GCF_003144395.1, s__Proteus sp003144395, 95.0, 83.77, 0.73; GCF_003144405.1, s__Proteus sp003144405, 95.0, 83.72, 0.71; GCF_001654965.1, s__Proteus hauseri, 95.0, 83.07, 0.72; GCF_001654855.1, s__Proteus myxofaciens, 95.0, 82.46, 0.66"	95.89	11	N/A	N/A
NZ_CP048830.1	d__Bacteria;p__Spirochaetota;c__Leptospirae;o__Leptospirales;f__Leptospiraceae;g__Leptospira;s__Leptospira interrogans	GCF_900156205.1	95	d__Bacteria;p__Spirochaetota;c__Leptospirae;o__Leptospirales;f__Leptospiraceae;g__Leptospira;s__Leptospira interrogans	99.94	0.97	GCF_900156205.1	95	d__Bacteria;p__Spirochaetota;c__Leptospirae;o__Leptospirales;f__Leptospiraceae;g__Leptospira;s__Leptospira interrogans	99.94	0.97	d__Bacteria;p__Spirochaetota;c__Leptospirae;o__Leptospirales;f__Leptospiraceae;g__Leptospira;s__	taxonomic classification defined by topology and ANI	topological placement and ANI have congruent species assignments	"GCF_000243695.2, s__Leptospira kirschneri, 95.0, 90.69, 0.87; GCF_000306255.2, s__Leptospira noguchii, 95.0, 88.74, 0.84; GCF_000347175.1, s__Leptospira alstonii, 95.0, 80.39, 0.61; GCF_000332415.1, s__Leptospira weilii_A, 95.0, 80.31, 0.63; GCF_000243815.2, s__Leptospira alexanderi, 95.0, 80.15, 0.58; GCF_000244815.1, s__Leptospira weilii, 95.0, 80.07, 0.55; GCF_000306675.2, s__Leptospira mayottensis, 95.0, 79.96, 0.55; GCF_003046425.1, s__Leptospira borgpetersenii, 95.0, 79.88, 0.64; GCF_000313175.2, s__Leptospira santarosai, 95.0, 79.73, 0.55; GCF_000243735.2, s__Leptospira kmetyi, 95.0, 79.54, 0.46; GCF_002811925.1, s__Leptospira barantonii, 95.0, 79.5, 0.45; GCF_003545925.1, s__Leptospira yasudae, 95.0, 79.0, 0.4; GCF_001729245.1, s__Leptospira tipperaryensis, 95.0, 78.74, 0.39; GCF_002811985.1, s__Leptospira adleri, 95.0, 78.69, 0.36; GCF_003545885.1, s__Leptospira stimsonii, 95.72, 78.62, 0.37; GCF_004770035.1, s__Leptospira putramalaysiae, 95.72, 78.59, 0.36; GCF_004770155.1, s__Leptospira gomenensis, 95.0, 78.57, 0.3; GCF_002811955.1, s__Leptospira elllisii, 95.0, 78.54, 0.27"	90.56	11	N/A	N/A
NZ_LR134489.1	d__Bacteria;p__Bacteroidota;c__Bacteroidia;o__Flavobacteriales;f__Flavobacteriaceae;g__Capnocytophaga;s__Capnocytophaga sputigena	GCF_900446695.1	95	d__Bacteria;p__Bacteroidota;c__Bacteroidia;o__Flavobacteriales;f__Flavobacteriaceae;g__Capnocytophaga;s__Capnocytophaga sputigena	96.53	0.88	GCF_900446695.1	95	d__Bacteria;p__Bacteroidota;c__Bacteroidia;o__Flavobacteriales;f__Flavobacteriaceae;g__Capnocytophaga;s__Capnocytophaga sputigena	96.53	0.88	d__Bacteria;p__Bacteroidota;c__Bacteroidia;o__Flavobacteriales;f__Flavobacteriaceae;g__Capnocytophaga;s__	taxonomic classification defined by topology and ANI	topological placement and ANI have congruent species assignments	"GCF_002209445.1, s__Capnocytophaga sp002209445, 95.0, 92.14, 0.85; GCF_000023285.1, s__Capnocytophaga ochracea, 95.0, 84.82, 0.67; GCF_000174755.1, s__Capnocytophaga gingivalis, 95.0, 83.83, 0.18; GCF_002999135.1, s__Capnocytophaga sp002999135, 95.0, 82.3, 0.41; GCF_000192225.1, s__Capnocytophaga sp000192225, 95.0, 80.73, 0.15; GCF_003054025.1, s__Capnocytophaga leadbetteri, 95.0, 80.69, 0.47; GCF_000411115.1, s__Capnocytophaga granulosa, 95.0, 79.81, 0.13; GCF_000318275.2, s__Capnocytophaga sp000318275, 95.0, 79.74, 0.37; GCF_000466425.1, s__Capnocytophaga sp000466425, 95.0, 79.73, 0.14; GCF_001553545.1, s__Capnocytophaga haemolytica, 95.0, 78.63, 0.16; GCF_002302565.1, s__Capnocytophaga canimorsus, 95.0, 77.68, 0.09; GCF_002302635.1, s__Capnocytophaga stomatis, 95.0, 77.39, 0.09; GCF_000827555.1, s__Capnocytophaga canis, 95.0, 77.21, 0.08; GCF_000379185.1, s__Capnocytophaga cynodegmi, 95.0, 76.84, 0.11"	98.31	11	N/A	N/A
NZ_LS483470.1	d__Bacteria;p__Proteobacteria;c__Gammaproteobacteria;o__Enterobacterales;f__Enterobacteriaceae;g__Leminorella;s__Leminorella richardii	GCF_900478135.1	95	d__Bacteria;p__Proteobacteria;c__Gammaproteobacteria;o__Enterobacterales;f__Enterobacteriaceae;g__Leminorella;s__Leminorella richardii	100	1	GCF_900478135.1	95	d__Bacteria;p__Proteobacteria;c__Gammaproteobacteria;o__Enterobacterales;f__Enterobacteriaceae;g__Leminorella;s__Leminorella richardii	100	1	d__Bacteria;p__Proteobacteria;c__Gammaproteobacteria;o__Enterobacterales;f__Enterobacteriaceae;g__Leminorella;s__	taxonomic classification defined by topology and ANI	topological placement and ANI have congruent species assignments	"GCF_000439085.1, s__Leminorella grimontii, 95.0, 82.82, 0.72"	96.87	11	N/A	N/A